Year,Ranking,Album,Artist,Rating,Vinyl,EP,Live
1993,1,August and Everything After,Counting Crows,10,v,,
1993,2,Siamese Dream,The Smashing Pumpkins,9,v,,
1993,3,Cure for Pain,Morphine,9,v,,
1993,4,"Everybody Else Is Doing It, So Why Can't We?",The Cranberries,8,v,,
1993,5,Debut,Bjork,8,v,,
1993,6,MTV Unplugged,"10,000 Maniacs",8,v,,Live
1993,7,Pablo Honey,Radiohead,8,,,
1993,8,In Utero,Nirvana,7,,,
1993,9,Kerosene Hat,Cracker,7,,,
1993,10,So Tonight That I Might See,Mazzy Star,7,,,
1993,11,Last Splash,The Breeders,7,,,
1993,12,Souvlaki,Slowdive,7,,,
1993,13,Tuesday Night Music Club,Sheryl Crow,6,,,
1993,14,Painful,Yo La Tengo,6,,,
1993,15,Hints Allegations and Things Left Unsaid,Collective Soul,6,,,
1993,16,Vs.,Pearl Jam,6,,,
1993,17,Duran Duran,Duran Duran,6,,,
1993,18,Fumbling Towards Ecstasy,Sarah McLachlan,6,,,
1993,19,Transmissions From The Satellite Heart,The Flaming Lips,6,,,
1993,20,Modern Life Is Rubbish,Blur,6,,,
1993,21,Exile in Guyville,Liz Phair,6,,,
1993,22,Tindersticks,Tindersticks,6,,,
1994,1,Weezer (Blue Album),Weezer,10,v,,
1994,2,Definitely Maybe,Oasis,10,v,,
1994,3,Unplugged in New York,Nirvana,10,v,,Live
1994,4,No Need to Argue,The Cranberries,9,v,,
1994,5,There's Nothing Wrong With Love,Built to Spill,9,v,,
1994,6,Monster,REM,8,v,,
1994,7,Under the Table and Dreaming,Dave Matthews Band,8,v,,
1994,8,Ruby Vroom,Soul Coughing,8,,,
1994,9,My Iron Lung,Radiohead,8,,EP,
1994,10,Roman Candle,Elliott Smith,8,,,
1994,11,Dookie,Green Day,7,,,
1994,12,Throwing Copper,Live,7,,,
1994,13,Crooked Rain Crooked Rain,Pavement,7,,,
1994,14,Sixteen Stone,Bush,6,,,
1994,15,When I Woke,Rusted Root,6,,,
1994,16,Wildflowers,Tom Petty,6,,,
1994,17,Dummy,Portishead,6,,,
1994,18,At Home and Abroad with the Steinbecks,The Steinbecks,6,,,
1994,19,Parklife,Blur,6,,,
1994,20,Dulcinea,Toad the Wet Sprocket,6,,,
1994,21,Jar of Flies,Alice in Chains,6,,EP,
1995,1,(What's the Story) Morning Glory?,Oasis,10,v,,
1995,2,The Bends,Radiohead,10,v,,
1995,3,Elliott Smith,Elliott Smith,10,v,,
1995,4,Ben Folds Five,Ben Folds Five,10,v,,
1995,5,LP2,Sunny Day Real Estate,8,v,,
1995,6,You'd Prefer an Astronaut,Hum,7,,,
1995,7,Post,Bjork,7,,,
1995,8,Elastica,Elastica,7,,,
1995,9,Jagged Little Pill,Alanis Morisette,7,,,
1995,10,Mellon Collie and the Infinite Sadness,The Smashing Pumpkins,7,,,
1995,11,Different Class,Pulp,7,,,
1995,12,Exit Planet Dust,Chemical Brothers,6,,,
1995,13,Ask Me Tomorrow,Mojave 3,6,,,
1995,14,A.M.,Wilco,6,,,
1995,15,Tragic Kingdom,No Doubt,6,,,
1995,16,The Return of the Rentals,The Rentals,6,,,
1995,17,Sparkle and Fade,Everclear,6,,,
1995,18,Tigerlily,Natalie Merchant,6,,,
1995,219,Garbage,Garbage,6,,,
1995,20,Jars of Clay,Jars of Clay,6,,,
1995,21,Resident Alien,Spacehog,6,,,
1995,22,Life,The Cardigans,6,,,
1996,1,If You're Feeling Sinister,Belle and Sebastian,10,v,,
1996,2,Tigermilk,Belle and Sebastian,10,v,,
1996,3,New Adventures in Hi-Fi,REM,10,v,,
1996,4,Being There,Wilco,9,v,,
1996,5,Pinkerton,Weezer,9,v,,
1996,6,Irresistible Bliss,Soul Coughing,9,,,
1996,7,Mic City Sons,Heatmiser,8,,,
1996,8,Bringing Down the Horse,The Wallflowers,8,v,,
1996,9,Crash,Dave Matthews Band,8,v,,
1996,10,Odelay,Beck,8,,,
1996,11,Rock Spectacle,Barenaked Ladies,7,,,Live
1996,12,Beautiful Freak,Eels,7,v,,
1996,13,"Old Traditions, New Standards",Tullycraft,7,,,
1996,14,The Great Divide,Semisonic,6,,,
 1996,15,A Picture of the Eighth Wonder,Poor Old Lu,6,,,
1996,16,To the Faithful Departed,The Cranberries,6,,,
1996,17,Recovering Satellites,Counting Crows,6,,,
1996,18,Call the Doctor,Sleater-Kinney,6,,,
1996,19,Evil Empire,Rage Against the Machine,6,,,
1996,20,Fashion Nugget,Cake,6,,,
1996,21,K,Kula Shaker,6,,,
1996,22,Hot,Squirrel Nut Zippers,6,,,
1996,23,Emperor Tomato Ketchup,Stereolab,6,,,
1996,24,Trailer Park,Beth Orton,6,,,
1996,25,Becoming X,Sneaker Pimps,6,,,
1997,1,OK Computer,Radiohead,10,v,,
1997,2,either/or,Elliott Smith,10,v,,
1997,3,Dog on Wheels,Belle and Sebastian,10,v,EP,
1997,4,3.. 6.. 9.. Seconds of Light,Belle and Sebastian,10,v,EP,
1997,5,Lazy Line Painter Jane,Belle and Sebastian,10,v,EP,
1997,6,When I Was Born for the Seventh Time,Cornershop,10,,,
1997,7,Whatever and Ever Amen,Ben Folds Five,10,v,,
1997,8,Urban Hymns,The Verve,9,v,,
1997,9,I Can Hear the Heart Beating As One,Yo La Tengo,9,v,,
1997,10,Dig Your Own Hole,The Chemical Brothers,9,v,,
1997,11,Ladies and Gentlemen We Are Floating In Space,Spiritualized,9,v,,
1997,12,Split Personalities,12 Rods,8,,,
1997,13,Big City Secrets,Joseph Arthur,8,,,
1997,14,Nothing Feels Good,The Promise Ring,8,v,,
1997,15,Overcome By Happiness,Pernice Brothers,8,v,,
1997,16,Be Here Now,Oasis,7,,,
1997,17,A Good Kind of Nervous,Lucksmiths,7,,,
1997,18,The Lonesome Crowded West,Modest Mouse,7,,,
1997,19,Perfect From Now On,Built to Spill,7,,,
1997,20,Mornin' Train,Sensational Joint Chiefs,7,,,
1997,21,Tone Soul Evolution,The Apples in Stereo,7,,,
1997,22,Ephemere,Roseblossom Punch,7,,,
1997,23,Zoot Suit Riot,Cherry Poppin' Daddies,6,,,
1997,24,Advantage Acid House Kings,Acid House Kings,6,,,
1997,25,Creeper Lagoon,Creeper Lagoon,6,,EP,
1997,26,Homework,Daft Punk,6,,,
1997,27,Dig Me Out,Sleater-Kinney,6,,,
1997,28,Where Have All The Merrymakers Gone?,Harvey Danger,6,,,
1997,29,Third Eye Blind,Third Eye Blind,6,,,
1997,30,Brighten the Corners,Pavement,6,,,
1997,31,Dots and Loops,Stereolab,6,,,
1997,32,Blur,Blur,6,,,
1997,33,Flaming Pie,Paul McCartney,6,,,
1997,34,In It For The Money,Supergrass,6,,,
1997,25,So Much for the Afterglow,Everclear,6,,,
1998,1,The Boy With the Arab Strap,Belle and Sebastian,10,v,,
1998,2,XO,Elliott Smith,10,v,,
1998,3,Peloton,The Delgados,10,v,,
1998,4,Something About Airplanes,Death Cab for Cutie,10,v,,
1998,5,Mason Jennings,Mason Jennings,10,v,,
1998,6,This is Just a Modern Rock Song,Belle and Sebastian,9,v,EP,
1998,7,Up,REM,9,v,,
1998,8,In the Aeroplane Over the Sea,Neutral Milk Hotel,9,v,,
1998,9,Deserter's Songs,Mercury Rev,9,v,,
1998,10,"Mermaid Avenue, Volume I",Billy Bragg and Wilco,8,v,,
1998,11,Car Wheels on a Gravel Road,Lucinda Williams,8,v,,
1998,12,This is Hardcore,Pulp,8,,,
1998,13,Moon Safari,Air,8,,,
1998,14,The Masterplan,Oasis,8,,,
1998,15,Airbag / How Am I Driving?,Radiohead,8,,EP,
1998,16,Before These Crowded Streets,Dave Matthews Band,7,,,
1998,17,Out of Tune,Mojave 3,7,,,
1998,18,Feeling Strangely Fine,Semisonic,7,,,
1998,19,The Salesman and Bernadette,Vic Chestnut,7,,,
1998,20,How It Feels to Be Something On,Sunny Day Real Estate,7,,,
1998,21,American Water,Silver Jews,7,,,
1998,22,Bring It On,Gomez,7,,,
1998,23,Its Hard to Find a Friend,Pedro the Lion,7,,,
1998,24,No One's Really Beautiful,Jude,7,,,
1998,25,Version 2.0,Garbage,6,,,
1998,26,Featuring Birds,Quasi,6,,,
1998,27,TNT,Tortoise,6,,,
1998,28,Americana Deluxe,Big Bad Voodoo Daddy,6,,,
1998,29,Practical Footwear,Sodastream,6,,,
1998,30,Electro-Shock Blues,Eels,6,,,
1998,31,The Three EPs,The Beta Band,6,,,
1998,32,Into the Sun,Sean Lennon,6,,,
1998,33,You've Come a Long Way Baby,Fatboy Slim,6,,,
1998,34,White Ladder,David Gray,6,,,
1998,35,Prolonging the Magic,Cake,6,,,
1998,36,All the Pain Money Can Buy,Fastball,6,,,
1999,1,69 Love Songs,The Magnetic Fields,10,v,,
1999,2,Summerteeth,Wilco,10,v,,
1999,3,Keep It Like a Secret,Built to Spill,10,v,,
1999,4,The Soft Bulletin,The Flaming Lips,10,v,,
1999,5,Very Emergency,The Promise Ring,9,v,,
1999,6,Play,Moby,9,v,,
1999,7,Ugly But Honest,Carissa's Wierd,8,,,
1999,8,Up a Tree,Looper,8,v,,
1999,9,Look Now Look Again,Rainer Maria,8,,,
1999,10,American Football,American Football,8,,,
1999,11,Surrender,The Chemical Brothers,7,,,
1999,12,Lost and Gone Forever,Guster,7,,,
1999,13,The Unauthorized Biography of Reinhold Messner,Ben Folds Five,7,,,
1999,14,The Man Who,Travis,7,,,
1999,15,Agaetis Byrjun,Sigur Rós,7,,,
1999,16,Davenport,Davenport,7,,EP,
1999,17,Field Studies,Quasi,6,,,
1999,18,The Only Reason I Feel Secure,Pedro the Lion,6,,,
1999,19,Limb,Justin Clayton,6,,,
1999,20,Minor Chords and Major Themes,Gigolo Aunts,6,,,
1999,21,Her Wallpaper Reverie,The Apples in Stereo,6,,EP,
1999,22,HMS Fable,Shack,6,,,
1999,23,Spanish Dance Troupe ,Gorky's Zygotic Mynci,6,,,
1999,24,I See a Darkness,Bonnie Prince Billy,6,,,
1999,25,This Desert Life,Counting Crows,6,,,
1999,26,Midnite Vultures,Beck,6,,,
1999,27,Black Foliage: Animation Music Volume I,Olivia Tremor Control,6,,,
1999,28,All-Time Quarterback,All-Time Quarterback,6,,,
1999,29,Moontraveler,Aaron Sprinkle,6,,,
1999,20,Second Story,The Hang Ups,6,,,
2000,1,We Have the Facts and We're Voting Yes,Death Cab for Cutie,10,v,,
2000,2,Figure 8,Elliott Smith,10,v,,
2000,3,Mass Romantic,The New Pornographers,9,v,,
2000,4,"Fold Your Hands Child, You Walk Like a Peasant",Belle and Sebastian,9,v,,
2000,5,Birds Flying Away,Mason Jennings,9,v,,
2000,6,The Forbidden Love EP,Death Cab for Cutie,9,,EP,
2000,7,Left and Leaving,The Weakerthans,9,v,,
2000,8,Kid A,Radiohead,9,v,,
2000,9,The Moon and Antarctica,Modest Mouse,8,v,,
2000,10,The Great Eastern,The Delgados,8,v,,
2000,11,Come to Where I'm From,Joseph Arthur,8,,,
2000,12,An Then Nothing Turned Itself Inside Out,Yo La Tengo,8,,,
2000,13,Since I Left You,The Avalanches,7,,,
2000,14,The Friends of Rachel Worth,The Go-Betweens,7,,,
2000,15,The Sophtware Slump,Grandaddy,7,,,
2000,16,Geometrid,Looper,7,,,
2000,17,Legal Man,Belle and Sebastian,7,v,EP,
2000,18,Fever and Mirrors,Bright Eyes,6,,,
2000,19,The Hour of the Bewilderbeast,Badly Drawn Boy,6,,,
2000,20,Smile,The Jayhawks,6,,,
2000,21,Zero One Infinity,Barcelona,6,,,
2000,22,Broken By Whispers,Trembling Blue Stars,6,,,
2000,23,The Noise Made By People,Broadcast,6,,,
2000,24,"Stories From the City, Stories From the Sea",PJ Harvey,6,,,
2000,25,The Night,Morphine,6,,,
2000,26,Thirteen Tales from Urban Bohemia,The Dandy Warhols,6,,,
2000,27,All That You Can't Leave Behind,U2,6,,,
2000,28,Daisies of the Galaxy,Eels,6,,,
2001,1,Yankee Hotel Foxtrot,Wilco,10,v,,
2001,2,Why That Doesn't Surprise Me,The Lucksmiths,10,v,,
2001,3,Girls Can Tell,Spoon,10,v,,
2001,4,The Photo Album,Death Cab for Cutie,9,v,,
2001,5,5 Songs,The Decemberists,9,v,,
2001,6,Quiet is the New Loud,Kings of Convenience,9,v,,
2001,7,Is This It?,The Strokes,8,v,,
2001,8,"Oh, Inverted World",The Shins,8,v,,
2001,9,musicforthemorningafter,Pete Yorn,8,v,,
2001,10,Amnesiac,Radiohead,8,,,
2001,11,I'm Waking Up to Us,Belle and Sebastian,7,v,EP,
2001,12,Jonathan David,Belle and Sebastian,7,v,EP,
2001,13,Rockin' the Suburbs,Ben Folds,7,,,
2001,14,The Things We Lost in the Fire,Low,7,,,
2001,15,White Blood Cells,The White Stripes,7,,,
2001,16,You Should Be at Home Here,Carissa's Wierd,7,,,
2001,17,Reveal,REM,7,,,
2001,18,Ancient Melodies of the Future,Built to Spill,6,,,
2001,19,Bareface,Aaron Sprinkle,6,,,
2001,20,Weezer (Green Album),Weezer,6,,,
2001,21,Gold,Ryan Adams,6,,,
2001,22,Change,The Dismemberment Plan,6,,,
2001,23,Brushfire Fairytales,Jack Johnson,6,,,
2001,24,The Invisible Band,Travis,6,,,
2001,25,Pneumonia,Whiskeytown,6,,,
2001,26,Let the War Against Music Begin,The Minus 5,6,,,
2001,27,Poses,Rufus Wainwright,6,,,
2001,28,Discovery,Daft Punk,6,,,
2001,29,Sleeping on Roads,Neil Halstead,6,,,
2001,30,There Goes the Sun,Walker Kong,6,,,
2001,31,Hard Candy,Counting Crows,6,,,
2002,1,Lifted or the Story ...,Bright Eyes,10,v,,
2002,2,Castaways and Cutouts,The Decemberists,10,v,,
2002,3,Turn on the Bright Lights,Interpol,10,v,,
2002,4,Kill the Moonlight,Spoon,10,v,,
2002,5,Neon Golden,The Notwist,9,v,,
2002,6,Wood/Water,The Promise Ring,8,v,,
2002,7,A Rush of Blood to the Head,Coldplay,8,v,,
2002,8,Simple Life,Mason Jennings,8,v,,
2002,9,O,Damien Rice,8,v,,
2002,10,Yoshimi Battles the Pink Robots,The Flaming Lips,8,v,,
2002,11,All Hail West Texas,The Mountain Goats,8,v,,
2002,12,Century Spring,Mason Jennings,8,v,,
2002,13,Sea Change,Beck,7,,,
2002,14,Sha Sha,Ben Kweller,6,,,
2002,15,Let Go,Nada Surf,6,,,
2002,16,Songs About Leaving,Carissa's Wierd,7,,,
2002,17,Makeup the Breakdown,Hot Hot Heat,6,,,
2002,18,One Beat,Sleater-Kinney,6,,,
2002,19,Control,Pedro the Lion,6,,,
2002,20,The Execution of All Things,Rilo Kiley,6,,,
2002,21,Redemption's Son,Joseph Arthur,6,,,
2002,22,The Creek Drank the Cradle,Iron & Wine,6,,,
2002,23,Bridges Worth Burning,Kind of Like Spitting,6,,,
2002,24,Under the Cold Blue Stars,Josh Rouse,6,,,
2002,25,The Worst You Can Do Is Harm,The Long Winters,6,,,
2002,26,Handcream for a Generation,Cornershop,6,,,
2002,27,Sharpen Your Teeth,Ugly Casanova,6,,,
2002,28,Her Majesty,The Anniversary,6,,,
2002,29,Storytelling,Belle and Sebastian,6,,,
2002,30,Private Transport,The Guild League,6,,,
2003,1,Transatlanticism,Death Cab for Cutie,10,v,,
2003,2,Dear Catastrophe Waitress,Belle and Sebastian,10,v,,
2003,3,Her Majesty the Decemberists,The Decemberists,10,v,,
2003,4,Reconstruction Site,The Weakerthans,9,v,,
2003,5,Give Up,The Postal Service,9,v,,
2003,6,Hail to the Thief,Radiohead,9,v,,
2003,7,Chutes Too Narrow,The Shins,9,v,,
2003,8,The Electric Version,The New Pornographers,8,v,,
2003,9,Naturaliste,The Lucksmiths,8,v,,
2003,10,Welcome Interstate Managers,Fountains of Wayne,8,v,,
2003,11,I Bet You Say That To All The Boys,Scotland Yard Gospel Choir,8,,,
2003,12,Down the River of Golden Dreams,Okkervil River,7,,,
2003,13,Underachievers Please Try Harder,Camera Obscura,7,,,
2003,14,Tallahassee,The Mountain Goats,7,,,
2003,15,Michigan,Sufjan Stevens,7,,,,,
2003,16,Where Shall You Take Me?,Damien Jurado,7,
2003,17,Gallowsbird's Park,The Fiery Furnaces,7,,,
2003,18,The Ugly Organ,Cursive,7,,,
2003,19,Elephant,The White Stripes,7,,,
2003,20,You Forgot it in People,Broken Social Scene,6,,,
2003,21,Hearts of Oak,Ted Leo and the Pharmacists,6,,,
2003,22,Who Will Cut Our Hair When We're Gone?,The Unicorns,6,,,
2003,23,"Yours, Mine, and Ours",The Pernice Brothers,6,,,
2004,1,Funeral,The Arcade Fire,10,v,,
2004,2,So Jealous,Tegan and Sara,10,v,,
2004,3,Use Your Voice,Mason Jennings,10,v,,
2004,4,A Ghost Is Born,Wilco,9,v,,
2004,5,From a Basement on the Hill,Elliott Smith,9,v,,
2004,6,Blueberry Boat,The Fiery Furnaces,9,,,
2004,7,Universal Audio,The Delgados,8,,,
2004,8,American Idiot,Green Day,8,,,
2004,9,Books,Belle and Sebastian,8,,EP,
2004,10,The Tain,The Decemberists,8,v,EP,
2004,11,Franz Ferdinand,Franz Ferdinand,8,,,
2004,12,Good News for People Who Love Bad News,Modest Mouse,8,,,
2004,13,We Shall All Be Healed,The Mountain Goats,7,,,
2004,14,The Slow Wonder,A.C. Newman,7,,,
2004,15,Our Endless Numbered Days,Iron & Wine,7,,,
2004,16,Talkie Walkie,Air,7,,,
2004,17,Set Yourself on Fire,Stars,7,,,
2004,18,Satanic Panic in the Attic,Of Montreal,7,,,
2004,19,Antics,Interpol,6,,,
2004,20,Hot Fuss,The Killers,6,,,
2004,21,"Thunder, Lightning, Strike!",The Go! Team,6,,,
2004,22,i,The Magnetic Fields,6,,,
2004,23,More Adventurous,Rilo Kiley,6,,,
2004,24,Riot on an Empty Street,Kings of Convenience,6,,,
2004,25,Rejoicing in the Hands,Devendra Banhart,6,,,
2004,26,The Grey Album,Danger Mouse,6,,,
2004,27,C'mon Miracle,Mirah,6,,,
2004,28,Shake the Sheets,Ted Leo and the Pharmacists,6,,,
2004,29,Bright Like Neon,Cut Copy,6,,,
2004,30,Wild Like Children,Tilly and the Wall,6,,,
2005,1,The Sunset Tree,The Mountain Goats,10,v,,
2005,2,Picaresque,The Decemberists,10,v,,
2005,3,"I'm Wide Awake, It's Morning",Bright Eyes,10,v,,
2005,4,Alligator,The National,10,v,,
2005,5,Warmer Corners,The Lucksmiths,9,,,
2005,6,Illinois,Sufjan Stevens,9,v,,
2005,7,Clap Your Hands Say Yeah,Clap Your Hands Say Yeah,9,v,,
2005,8,Plans,Death Cab for Cutie,9,v,,
2005,9,The Woods,Sleater-Kinney,9,v,,
2005,10,Apologies to the Queen Mary,Wolf Parade,9,v,,
2005,11,Twin Cinema,The New Pornographers,9,v,,
2005,12,Gimme Fiction,Spoon,8,v,,
2005,13,The Great Destroyer,Low,8,v,,
2005,14,In Case We Die,Architecture in Helsinki,8,,,
2005,15,Disenchanted Hearts Unite,Tullycraft,8,,,
2005,16,Takk...,Sigur Rós,8,,,
2005,17,Separation Sunday,The Hold Steady,8,,,
2005,18,The Magic Numbers,The Magic Numbers,8,,,
2005,19,Oceans Apart,The Go-Betweens,7,,,
2005,20,Black Sheep Boy,Okkervil River,7,,,
2005,21,Songs for Silverman,Ben Folds,7,,,
2005,22,The Best Party Ever,The Boy Least Likely To,7,,,
2005,23,Silent Alarm,Bloc Party,7,,,
2005,24,Z,My Morning Jacket,7,,,
2005,25,Guero,Beck,7,,,
2005,26,The Sunlandic Twins,Of Montreal,6,,,
2005,27,Sing Along with the Acid House Kings,Acid House Kings,6,,,
2005,28,EP,The Fiery Furnaces,6,,EP,
2005,29,Bang Bang Rock & Roll,Art Brut,6,,,
2005,30,The Loon,Tapes'n'Tapes,6,,,
2005,31,And the Mysterious Production of Eggs,Andrew Bird,6,,,
2005,32,Extraordinary Machine,Fiona Apple,6,,,
2005,33,The Weight Is a Gift,Nada Surf,6,,,
2005,34,Tender Buttons,Broadcast,6,,,
2006,1,The Crane Wife,The Decemberists,10,v,,
2006,2,Boys and Girls in America,The Hold Steady,10,v,,
2006,3,The Life Pursuit,Belle and Sebastian,10,v,,
2006,4,Destroyer's Rubies,Destroyer,9,v,,
2006,5,Math and Physics Club,Math and Physics Club,8,,,
2006,6,"The Body, The Blood, The Machine",The Thermals,8,,,
2006,7,Get Lonely,The Mountain Goats,8,,,
2006,8,Everything All the Time,Band of Horses,7,,,
2006,9,The Warning,Hot Chip,7,,,
2006,10,Songs That You Might Not Like,BOAT,8,,,
2006,11,The Trials of Van Occupanther,Midlake,6,,,
2006,12,Gulag Orkestar,Beirut,6,,,
2006,13,Boneclouds,Mason Jennings,6,,,
2006,14,Return to Cookie Mountain,TV on the Radio,6,,,
2006,15,Ballad of the Broken Seas,Isobel Campbell and Mark Lanegan,6,,,
2006,16,Make Love To The Judges With Your Eyes,Pony Up,6,,,
2006,17,Let's Get Out of This Country,Camera Obscura,6,,,
2006,18,American Myth,Jackie Greene,6,,,
2006,19,Writer's Block,"Peter, Bjorn, and John",6,,,
2006,20,Cannibal Sea,The Essex Green,6,,,
2006,21,"Whatever People Say I Am, That's What I'm Not",Arctic Monkeys,6,,,
2006,22,We Are the Pipettes,The Pipettes,6,,,
2006,23,I'm Not Afraid of You and I Will Beat Your Ass,Yo La Tengo,6,,,
2007,1,"Hissing Fauna, Are You the Destroyer?",Of Montreal,10,v,,
2007,2,Every Scene Needs a Center,Tullycraft,10,v,,
2007,3,Stage Names,Okkervil River,10,v,,
2007,4,Ga Ga Ga Ga Ga,Spoon,10,v,,
2007,5,Challengers,The New Pornographers,9,v,,
2007,6,In Rainbows,Radiohead,9,v,,
2007,7,Sound of Silver,LCD Soundsystem,9,v,,
2007,8,Sky Blue Sky,Wilco,9,v,,
2007,9,Neon Bible,Arcade Fire,9,v,,
2007,10,Let's Drag Our Feet,BOAT,9,v,,
2007,11,Scotland Yard Gospel Choir,Scotland Yard Gospel Choir,9,,,
2007,12,Friend and Foe,Menomena,9,v,,
2007,13,Boxer,The National,9,v,,
2007,14,Shepherd's Dog,Iron & Wine,8,v,,
2007,15,Cassadaga,Bright Eyes,8,v,,
2007,16,New Moon,Elliott Smith,8,v,,
2007,17,Night Falls Over Kortedala,Jens Lekman,8,v,,
2007,18,Reunion Tour,The Weakerthans,8,,,
2007,19,Emerald City,John Vanderslice,8,,,
2007,20,Once,Original Soundtrack,8,,,
2007,21,This New Year Will Be For You and Me,Lacrosse,8,,,
2007,22,Emotionalism,The Avett Brothers,7,,,
2007,23,23,Blonde Redhead,7,,,
2007,24,The Con,Tegan and Sara,7,,,
2007,25,The Reminder,Feist,7,,,
2007,26,Wincing the Night Away,The Shins,7,,,
2007,27,Invitation Songs,The Cave Singers,6,,,
2007,28,Under the Blacklight,Rilo Kiley,6,,,
2007,29,Voxtrot,Voxtrot,6,,,
2007,30,Cease to Begin,Band of Horses,6,,,
2007,31,We Were Dead Before the Ship Even Sank,Modest Mouse,6,,,
2007,32,Watch the Fireworks,Emma Pollock,6,,,
2007,33,New Magnetic Wonder,The Apples in Stereo,6,,,
2007,34,Leaves in the River,Sea Wolf,6,,,
2008,1,Midnight Organ Fight,Frightened Rabbit,10,v,,
2008,2,To Travels and Trunks,Hey Marseilles,10,v,,
2008,3,Fleet Foxes,Fleet Foxes,10,v,,
2008,4,In Ghost Colours,Cut Copy,10,,,
2008,5,Furr,Blitzen Trapper,9,v,,
2008,6,"Peaceful, The World Lays Me Down",Noah and the Whale,9,v,,
2008,7,"For Emma, Forever Ago",Bon Iver,9,v,,
2008,8,Vampire Weekend,Vampire Weekend,9,v,,
2008,9,Dear Science,TV on the Radio,9,v,,
2008,10,"Hold on Now, Youngster",Los Campesinos!,9,v,,
2008,11,Caught in Trees,Damien Jurado,9,v,,
2008,12,Narrow Stairs,Death Cab for Cutie,8,v,,
2008,13,The Rhumb Line,Ra Ra Riot,8,v,,
2008,14,The BBC Sessions,Belle and Sebastian,8,v,,Live
2008,15,Heretic Pride,The Mountain Goats,8,v,,
2008,16,Með suð í eyrum við spilum endalaust,Sigur Rós,8,,,
2008,17,Last Night,Moby,8,,,
2008,18,The Stand Ins,Okkervil River,8,,,
2008,19,First Frost,The Lucksmiths,8,,,
2008,20,Accelerate,REM,8,v,,
2008,21,The '59 Sound,The Gaslight Anthem,8,,,
2008,22,Stay Positive,The Hold Steady,7,,,
2008,23,When Life Gives You Lemons ...,Atmosphere,7,,,
2008,24,Sun Giant EP,Fleet Foxes,7,,EP,
2008,25,In the Ever,Mason Jennings,7,,,
2008,26,Always the Bridesmaid,The Decemberists,7,,,
2008,27,Albatross: How We Failed to Save the Lone Star State with the Power of Rock and Roll,Fishboy,7,,,
2008,28,Keep Your Eyes Ahead,The Helio Sequence,7,,,
2008,29,Saturdays = Youth,M83,7,,,
2008,30,Conor Oberst,Conor Oberst,7,,,
2008,31,Volume One,She and Him,7,,,
2008,32,Oracular Spectacular,MGMT,6,,,
2008,33,Santogold,Santigold,6,,,
2008,34,Other People,American Princes,6,,,
2008,35,The Age of Understatement,The Last Shadow Puppets,6,,,
2008,36,Shallow Grave,The Tallest Man on Earth,6,,,
2008,37,Distortion,The Magnetic Fields,6,,,
2008,38,Devotion,Beach House,6,,,
2008,39,The Silver City,Jeremy Messersmith,6,,,
2008,40,Modern Guilt,Beck,6,,,
2008,41,Fate,Dr. Dog,6,,,
2008,42,Firecracker People,Hotel Lights,6,,,
2009,1,Hometowns,The Rural Alberta Advantage,10,v,,
2009,2,I And Love And You,The Avett Brothers,10,v,,
2009,3,The Pains of Being Pure at Heart,The Pains of Being Pure at Heart,10,v,,
2009,4,The Hazards of Love,The Decemberists,9,v,,
2009,5,Reservoir,Fanfarlo,9,v,,
2009,6,Creaturesque,Throw Me The Statue,9,v,,
2009,7,xx,The xx,8,v,,
2009,8,Bitte Orca,The Dirty Projectors,8,,,
2009,9,Curse Your Branches,David Bazan,8,,,
2009,10,Bandages for the Heart,Lacrosse,8,,,
2009,11,Hospice,The Antlers,8,,,
2009,12,Manners,Passion Pit,8,,,
2009,13,Setting the Paces,BOAT,8,,,
2009,14,God Help the Girl,God Help the Girl,7,,,
2009,15,Now We Can See,The Thermals,7,,,
2009,16,Judy Sucks a Lemon for Breakfast,Cornershop,7,,,
2009,17,The Open Door EP,Death Cab for Cutie,7,,EP,
2009,18,The Life of the World to Come,The Mountain Goats,7,,,
2009,19,Dark Was The Night,Various Artists,6,,,
2009,20,Wolfgang Amadeus Phoenix,Phoenix,6,,,
2009,21,Wilco,Wilco,6,,,
2009,22,These Four Walls,We Were Promised Jetpacks,6,,,
2009,23,Dragonslayer,The Sunset Rubdown,6,,,
2009,24,Coconut Records ,Davy,6,,,
2009,25,Higher Than the Stars,The Pains of Being Pure at Heart,6,,EP,
2009,26,Weathervanes,Freelance Whales,6,,,
2009,27,Veckatimest,Grizzly Bear,6,,,
2009,28,Let's Build a Roof,Lake,6,,,
2009,29,Album,Girls,6,,,
2010,1,The Head and the Heart,The Head and the Heart,10,v,,
2010,2,Contra,Vampire Weekend,9,v,,
2010,3,Teen Dream,Beach House,9,v,,
2010,4,Write About Love,Belle and Sebastian,9,v,,
2010,5,Avi Buffalo,Avi Buffalo,8,,,
2010,6,Magic Central,Breathe Owl Breathe,8,v,,
2010,7,The Suburbs,The Arcade Fire,8,,,
2010,8,This Is Happening,LCD Soundsystem,7,,,
2010,9,My Beautiful Dark Twisted Fantasy,Kanye West,7,,,
2010,10,Saint Bartlett,Damien Jurado,7,v,,
2010,11,Hunger and Thirst,Typhoon,7,,,
2010,12,High Violet,The National,7,,,
2010,13,The Winter of Mixed Drinks,Frightened Rabbit,7,,,
2010,14,Transference,Spoon,7,,,
2010,15,Innnerspeaker,Tame Impala,6,,,
2010,16,Gorilla Manor,Local Natives,6,,,
2010,17,One Life Stand,Hot Chip,6,,,
2010,18,The Wild Hunt,Tallest Man on Earth,6,,,
2010,19,"Shame, Shame",Dr. Dog,6,,,
2010,20,Crazy for You,Best Coast,6,,,
2010,21,At Echo Lake,Woods,6,,,
2010,22,Play It Strange,The Fresh & Onlys,6,,,
2010,23,Brothers,The Black Keys,6,,,
2010,24,Total Life Forever,Foals,6,,,
2010,25,Expo 86,Wolf Parade,6,,,
2010,26,Demons and Lakes,Ravenna Woods,6,,,
2010,27,The Reluctant Graveyard,Jeremy Messersmith,6,,,
2011,1,Helplessness Blues,Fleet Foxes,10,v,,
2011,2,Let England Shake,PJ Harvey,10,v,,
2011,3,The King Is Dead,The Decemberists,9,v,,
2011,4,My Heart Is An Animal,Of Monsters and Men,9,v,,
2011,5,Codes and Keys,Death Cab for Cutie,8,v,,
2011,6,Whokill,tUnE-yArDs,8,,,
2011,7,Dye It Blonde,Smith Westerns,8,,,
2011,8,"Hurry Up, We're Dreaming",M83,8,,,
2011,9,Collapse Into Now,REM,7,,,
2011,10,Bon Iver,Bon Iver,7,,,
2011,11,Departing,The Rural Alberta Advantage,7,,,
2011,12,Yuck,Yuck,7,,,
2011,13,Slave Ambient,The War on Drugs,6,,,
2011,14,The Flood,Mason Jennings,7,,,
2011,15,All Eternals Deck,The Mountain Goats,6,,,
2011,16,The Whole Love,Wilco,6,,,
2011,17,Kaputt,Destroyer,6,,,
2011,18,Kiss Each Other Clean,Iron & Wine,6,,,
2011,19,The King of Limbs,Radiohead,6,,,
2011,20,Last Night on Earth,Noah and the Whale,6,,,
2011,21,I Am Very Far,Okkervil River,6,,,
2011,22,A New Kind of House,Typhoon,6,,,
2011,23,Boots Met My Face,Admiral Fallow,6,,,
2011,24,Civilian,Wye Oak,6,,,
2011,25,Smoke Ring For My Halo,Kurt Vile,6,,,
2011,26,Dress Like Your Idols,BOAT,6,,,
2011,27,The Year of Hibernation,Youth Lagoon,6,,,
2011,28,His Young Heart,Daughter,6,,,
2011,29,"Father, Son, Holy Ghost",Girls,6,,,
2011,30,Fading Parade,Papercuts,6,,,
2012,1,Maraqopa,Damien Jurado,10,v,,
2012,2,Europe,Allo Darlin',9,v,,,,
2012,3,Tree Bursts in Snow,Admiral Fallow,9,v
2012,4,An Awesome Wave,Alt-J,8,v,,
2012,5,Can You Canoe?,The Okee Dokee Brothers,8,v,,
2012,6,Celebration Rock,Japandroids,8,,,
2012,7,Swing Lo Magellan,Dirty Projectors,8,,,
2012,8,Red,Taylor Swift,8,,,
2012,9,Some Nights,Fun,8,,,
2012,10,The Heist,Macklemore and Ryan Lewis,7,,,
2012,11,Bear Creek,Brandi Carlile,7,,,
2012,12,Bend Beyond,Woods,6,,,
2012,13,Rooms Filled With Light,Fanfarlo,6,,,
2012,14,Transcendental Youth,The Mountain Goats,6,,,
2012,15,Sweet Heart Sweet Light,Spiritualized,6,,,
2012,16,Gossamer,Passion Pit,6,,,
2012,17,The Lumineers,The Lumineers,6,,,
2012,18,State Hospital EP,Frightened Rabbit,6,,,
2012,19,Bloom,Beach House,6,,,
2012,20,Lonerism,Tame Impala,6,,,
2012,21,Dead & Born & Grown,The Staves,6,,,
2012,22,Love at the Bottom of the Sea,The Magnetic Fields,6,,,
2012,23,Moms,Menomena,6,,,
2012,24,Visions,Grimes,6,,,
2012,25,Provincial,John K. Samson,6,,,
2013,1,Modern Vampires of the City,Vampire Weekend,10,v,,
2013,2,Muchacho,Phosphorescent,9,v,,
2013,3,We Are the 21st Century Ambassadors of Peace & Magic,Foxygen,9,v,,
2013,4,Pedestrian Verse,Frightened Rabbit,9,v,,
2013,5,Lost in Light Rotation,Tullycraft,8,,,
2013,6,The Silver Gymnasium,Okkervil River,8,v,,
2013,7,"Whenever, If Ever",The World Is A Beautiful Place & I Am No Longer Afraid To Die,7,,,
2013,8,Lines We Trace,Hey Marseilles,7,,,
2013,9,Southeastern,Jason Isbell,7,,,
2013,10,Trouble Will Find Me,The National,7,,,
2013,11,Random Access Memories,Daft Punk,7,,,
2013,12,The Third Eye Centre,Belle and Sebastian,6,v,,
2013,13,Always Been,Mason Jennings,6,,,
2013,14,Cerulean Salt,Waxahatchee,6,,,
2013,15,Reflektor,Arcade Fire,6,,,
2013,16,White Lighter,Typhoon,6,,,
2013,17,Pretend to Be Brave,BOAT,6,,,
2013,18,Pale Green Ghosts,John Grant,6,,,
2013,19,Pure Heroine,Lorde,6,,,
2013,20,MCII,Mikal Cronin,6,,,
2014,1,With Light and With Love,Woods,10,v,,
2014,2,Lost in the Dream,The War on Drugs,9,v,,
2014,3,Benji,Sun Kil Moon,9,,,
2014,4,Have You Ever Done Something Evil?,Hallelujah the Hills,8,v,,
2014,5,Alvvays,Alvvays,8,v,,
2014,6,St. Vincent,St. Vincent,8,,,
2014,7,They Want My Soul,Spoon,7,,,
2014,8,Upside Down Mountain,Conor Oberst,7,,,
2014,9,1989,Taylor Swift,7,,,
2014,10,Ultimate Painting,Ultimate Painting,7,,,
2014,11,We Come From the Same Place,Allo Darlin',7,,,
2014,12,Are We There,Sharon Van Etten,7,,,
2014,13,Brill Bruisers,The New Pornographers,6,,,
2014,14,Burn Your Fire For No Witness,Angel Olsen,6,,,
2014,15,Let's Go Extinct,Fanfarlo,6,,,
2014,16,Mended with Gold,Rural Alberta Advantage,6,,,
2014,17,Seeds,TV on the Radio,6,,,
2014,18,Brothers and Sisters of the Eternal Sun,Damien Jurado,6,,,
2015,1,Hamilton,Original Cast Recording,10,v,,
2015,2,Carrie & Lowell,Sufjan Stevens,9,v,,
2015,3,Girls in Peacetime Want to Dance,Belle and Sebastian,8,v,,
2015,4,"What a Terrible World, What a Beautiful World",The Decemberists,8,v,,
2015,5,"Sometimes I Sit and Think, And Sometimes I Just Sit",Courtney Barnett,8,,,
2015,6,Harmlessness ,The World Is A Beautiful Place & I Am No Longer Afraid To Die,7,,,
2015,7,Kintsugi,Death Cab for Cutie,7,,,
2015,8,Tiny Rewards,Admiral Fallow,7,,,
2015,9,No Cities to Love,Sleater-Kinney,7,,,
2015,10,Teens of Style,Car Seat Headrest,7,,,
2015,11,Solid Gold Cowboys,Unlikely Friends,6,,,
2015,12,Faith in the Future,Craig Finn,6,,,
2015,13,So There,Ben Folds,6,,,
2015,14,Sound & Color,Alabama Shakes,6,,,
2015,15,Beneath the Skin,Of Monsters and Men,6,,,
2015,16,Ones and Sixes,Low,6,,,
2015,17,Return to the Moon,El Vy,6,,,
2015,18,Currents,Tame Impala,6,,,
2015,19,Ivy Tripp,Waxahatchee,6,,,
2015,20,Star Wars,Wilco,6,,,
2015,21,Depression Cherry,Beach House,6,,,
2016,1,Teens of Denial,Car Seat Headrest,10,v,,
2016,2,Dolls of Highland,Kyle Craft,9,v,,
2016,3,Singing Saw,Kevin Morby,9,v,,
2016,4,Cardinal,Pinegrove,8,v,,
2016,5,Winter Wheat,John K. Samson,8,,,
2016,6,Light Upon the Lake,Whitney,8,,,
2016,7,Majesty,Big Thief,8,,,
2016,8,Hey Marseilles,Hey Marseilles,7,,,
2016,9,Wild Dark Metal,Mason Jennings,7,v,,
2016,10,Painting of a Panic Attack,Frightened Rabbit,7,,,
2016,11,Ruminations,Conor Oberst,7,,,
2016,12,A Moon Shaped Pool,Radiohead,7,,,
2016,13,My Woman,Angel Olsen,7,,,
2016,14,I Had a Dream That You Were Mine,Hamilton Leithauser + Rostam,7,,,
2016,15,Goodness,The Hotelier,7,,,
2016,16,Blackstar,David Bowie,7,,,
2016,17,Camp Cope,Camp Cope,7,,,
2016,18,A Band Is Something to Figure Out,Hallelujah the Hills,7,,,
2016,19,Up to Anything,The Goon Sax,7,,,
2016,20,The Hope Six Demolition Project,PJ Harvey,6,,,
2016,21,American Band,Drive-by Truckers,6,,,
2016,22,A Sailor's Guide to Earth,Sturgill Simpson,6,,,
2016,23,case/lang/veirs,case/lang/veirs,6,,,
2016,24,Schmilco,Wilco,6,,,
2016,25,Flotus,Lambchop,6,,,
2016,26,Human Performance,Parquet Courts,6,,,
2016,27,Blanco,David Bazan,6,,,
2016,28,City Sun Eater in the River of Life,Woods,6,,,
2017,1,Crack-Up,Fleet Foxes,10,v,,
2017,2,Slowdive,Slowdive,9,v,,
2017,3,Stranger in the Alps,Phoebe Bridgers,8,v,,
2017,4,Sleep Well Beast,The National,8,,,
2017,5,Salutations,Conor Oberst,8,v,,
2017,6,Nirvana,Versing,8,,,
2017,7,American Dream ,LCD Soundsystem,8,,,
2017,8,S/T,Rainer Maria,8,,,
2017,9,Guppy,Charly Bliss,8,,,
2017,10,We All Want the Same Things,Craig Finn,8,,,
2017,11,Capacity,Big Thief,7,,,
2017,12,The Yunahon Mixtape,Oso Oso,7,,,
2017,13,Antisocialites,Alvvays,7,,,
2017,14,How to Solve Our Human Problems (Part 1),Belle and Sebastian,7,v,EP,
2017,15,Life Will See You Now,Jens Lekman,7,,,
2017,16,Cry Cry Cry,Wolf Parade,7,,,
2017,17,Out in the Storm,Waxahatchee,7,,,
2017,18,50 Song Memoir,The Magnetic Fields,7,,,
2017,19,Science Fiction,Brand New,7,,,
2017,20,Last Place,Grandaddy,7,,,
2017,21,City Music,Kevin Morby,7,,,
2017,22,Masseducation,St. Vincent,7,,,
2017,23,Wild and Reckless,Blitzen Trapper,7,,,
2017,24,Beast Epic,Iron & Wine,7,,,
2017,25,The Weather Station,The Weather Station,7,,,
2017,26,Always Foreign,The World Is A Beautiful Place & I Am No Longer Afraid To Die,6,,,
2017,27,A Deeper Understanding,The War on Drugs,6,,,
2017,28,11 Obscenely Optimistic Songs for Ukulele ,Jeremy Messersmith,6,,,
2017,29,Hug of Thunder,Broken Social Scene,6,,,
2017,30,Sick Scenes,Los Campesinos!,6,,,
2017,31,Strike a Match,Sacred Paws,6,,,
2017,32,The Wild,Rural Alberta Advantage,6,,,
2017,33,Whiteout Conditions,The New Pornographers,6,,,
2017,34,What Now,Sylvan Esso,6,,,
2017,35,Care,David Bazan,6,,,
2017,36,Visions Of A Life,Wolf Alice,6,,,
2017,37,Blurred Harmony,The Parson Red Heads,6,,,
2017,38,Plastic Cough,Great Grandpa,6,,,
2017,39,V,The Horrors,6,,,
2017,40,I See You,The xx,6,,,
2017,41,Plum,Wand,6,,,
2017,42,Lotta Sea Lice ,Courtney Barnett and Kurt Vile,6,,,
2017,43,After Laughter,Paramore,6,,,
2018,1,Wide Awake!,Parquet Courts,10,v,,
2018,2,The Horizon Just Laughed,Damien Jurado,9,v,,
2018,3,Superorganism,Superorganism,9,v,,
2018,4,Parallel Universe Blues,Papercuts,9,v,,
2018,5,How to Socialise & Make Friends,Camp Cope,8,v,,
2018,6,Thank You For Today,Death Cab for Cutie,8,v,,
2018,7,And Nothing Hurt,Spiritualized,8,v,,
2018,8,I'll Be Your Girl,The Decemberists,7,v,,
2018,9,Sparkle Hard,Stephen Malkmus and the Jicks,7,,,
2018,10,We're Not Talking,The Goon Sax,7,,,
2018,11,C'est La Vie,Phosphorescent,7,,,
2018,12,Where We Were Together,Say Sue Me,7,,,
2018,13,Crooked Numbers,Unlikely Friends,7,,,
2018,14,How to Solve Our Human Problems (Part 3),Belle and Sebastian,7,v,EP,
2018,15,How to Solve Our Human Problems (Part 2),Belle and Sebastian,7,v,EP,
2018,16,Nearer My God,Foxing,7,,,
2018,17,Future Me Hates Me,The Beths,7,,,
2018,18,Songs From When We Met,Mason Jennings,7,,,
2018,19,Patch Up,beabadoobee,7,,,
2018,20,Dean Wareham vs. Cheval Sombre,Dean Wareham and Cheval Sombre,7,,,
2018,21,Twin Fantasy,Car Seat Headrest,7,,,
2018,22,"Be the Way, I Forgive You",Brandi Carlile,7,,,
2018,23,abysskiss,Adrianne Lenker,7,,,
2018,24,Tell Me How You Really Feel,Courtney Barnett,7,,,
2018,25,Historian,Lucy Dacus,6,,,
2018,26,In the Rainbow River,Okkervil River,6,,,
2018,27,WARM,Jeff Tweedy,6,,,
2018,28,Double Negative,Low,6,,,
2018,29,Clean,Soccer Mommy,6,,,
2018,30,Dirty Computer,Janelle Monae,6,,,
2018,31,Dance Music,Mastersystem,6,,,
2018,32,Full Cirle Nightmare,Kyle Craft,6,,,
2018,33,boygenius,boygenius,6,,EP,
2018,34,7,Beach House,6,,,
2018,35,Send Flowers,State Champion,6,,,
2018,36,Mother of My Children,Black Belt Eagle Scout,6,,,
2019,1,Father of the Bride,Vampire Weekend,10,v,,
2019,2,Better Oblivion Community Center,Better Oblivion Community Center,10,v,,
2019,3,Omoiyari,Kishi Bashi,9,v,,
2019,4,Purple Mountains,Purple Mountains,9,v,,
2019,5,Thrashing Thru the Passion,The Hold Steady,8,v,,
2019,6,I Need a New War,Craig Finn,8,,,
2019,7,Young Enough,Charly Bliss,8,,,
2019,8,Days of the Bagnold Summer,Belle and Sebastian,8,v,,
2019,9,The Railway Prince Hotel,Tullycraft,8,,,
2019,10,5,Sault,8,,,
2019,11,Dogrel,Fontaines D.C.,8,,,
2019,12,Why Hasn’t Everything Already Disappeared?,Deerhunter,8,,,
2019,13,Boat,Pip Blom,8,,,
2019,14,Two Hands,Big Thief,8,,,
2019,15,I’m You,Hallelujah the Hills,7,,,
2019,16,It Won’t Be Like This All The Time,The Twilight Sad,7,,,
2019,17,In the Morse Code of Brake Lights,New Pornographers,7,,,
2019,18,Crushing,Julia Jacklin,7,,,
2019,19,U.F.O.F.,Big Thief,7,,,
2019,20,Phoenix,Pedro the Lion,7,,,
2019,21,Four of Arrows,Great Grandpa,7,,,
2019,22,In the Shape of a Storm,Damien Jurado,7,,,
2019,23,Spread the Love,Pernice Brothers,7,,,
2019,24,Titanic Rising,Weyes Blood,7,,,
2019,25,Remind Me Tomorrow,Sharon Van Etten,7,,,
2019,26,I Am Easy to Find,The National,6,,,
2019,27,Literally Main Street,Cataldo,6,,,
2019,28,Ode to Joy,Wilco,6,,,
2019,29,In League with Dragons,The Mountain Goats,6,,,
2019,30,Oh My God,Kevin Morby,6,,,
2019,31,My Finest Work Yet,Andrew Bird,6,,,
2019,32,Basking in the Glow,Oso Oso,6,,,
2020,1,St. Cloud,Waxahatchee,10,v,,
2020,2,Shore,Fleet Foxes,10,v,,
2020,3,Punisher,Phoebe Bridgers,10,v,,
2020,4,folklore,Taylor Swift,9,v,,
2020,5,The World Only Ends When You Die,Skyway Man,9,v,,
2020,6,"Down in the Weeds, Where the World Once Was",Bright Eyes,8,v,,
2020,7,"Women in Music, Part III",Haim,8,,,
2020,8,Every Bad,Porridge Radio,8,,,
2020,9,evermore,Taylor Swift,8,,,
2020,10,Serpentine Prison,Matt Berninger,8,,,
2020,11,Beyond the Pale,Jarv Is...,7,,,
2020,12,Honeymoon,Beach Bunny,7,,,
2020,13,Holy Smokes Future Jokes,Blitzen Trapper,7,,,
2020,14,Marigold,Pinegrove,7,,,
2020,15,A Hero's Death,Fontaines D.C.,7,
2020,16,Brave Faces Everyone ,Spanish Love Songs,7,,,
2020,17,England Is A Garden,Cornershop,7,,,
2020,18,Unititled (Black Is),Sault,7,,,
2020,19,Getting Into Knives,The Mountain Goats,7,,,
2020,20,"What's New, Tomboy?",Damien Jurado,7,,,
2020,21,songs,Adrianne Lenker,7,,,
2020,22,Tread Lightly,BOAT,7,,,
2020,23,Songs for Pierre Chuvin,The Mountain Goats,6,,,
2020,24,Fetch the Bolt Cutters,Fiona Apple,6,,,
2020,25,color theory,Soccer Mommy,6,,,
2020,26,Set My Heart on Fire Immediately,Perfume Genius,6,,,
2020,27,There Is No Other,Isobel Campbell,6,
2020,28,Making a Door Less Open,Car Seat Headrest,6,,,
2020,29,Country Westerns,Country Westerns,6,,,
2021,1,Sour,Olivia Rodrigo,9,v,,
2021,2,Emigrant ,Kishi Bashi,8,v,EP,
2021,3,I Don't Live Here Anymore,The War on Drugs,8,,,
2021,4,A Beginner's Mind,Sufjan Stevens and Angelo De Augustine,8,,,
2021,5,Driver,Adult Mom,7,,,
2021,6,Open Door Policy,The Hold Steady,7,,,
2021,7,Cooler Returns,Kiwi Jr.,7,,,
2021,8,Peace or Love,Kings of Convenience,7,,,
2021,9,Hey What,Low,7,,,
2021,10,Get Up Sequences Part One,The Go! Team,7,,,
2021,11,If I Could Make It Go Quiet,The Girl in Red,7,,,
2021,12,NINE,Sault,7,,,
2021,13,True Love,Hovvdy,7,,,
2021,14,An Overview of Phenomenal Nature,Cassandra Jenkins,7,,,
2021,15,Sympathy for Life,Parquet Courts,6,,,
2021,16,The Golden Casket,Modest Mouse,6,,,
2021,17,The Idea of You,Admiral Fallow,6,,,
2021,18,Green to Gold,The Antlers,6,,,
2021,19,Dark in Here,The Mountain Goats,6,,,
2021,20,Waitsgiving,Fishboy,6,,,
2021,21,The Monster Who Hated Pensylvania,Damien Jurado,6,,,
2021,22,A Billion Little Lights,Wild Pink,6,,,
2021,23,Little Oblivions,Julien Baker,6,,,
2021,24,Strawberry Mansion,Langhorne Slim,6,,,
2021,25,Home Video,Lucy Dacus,6,,,
2021,26,Jubliee,Japanese Breakfast,6,,,
2021,27,Long Lost,Lord Huron,6,,,
2021,28,Butter Miracle Suite One,Counting Crows,6,,EP,
2022,1,Asphalt Meadows,Death Cab for Cutie,10,v,,
2022,2,A Bit of Previous,Belle and Sebastian,9,v,,
2022,3,Expert in a Dying Field,The Beths,9,v,,
2022,4,Lucifer on the Sofa,Spoon,9,v,,
2022,5,Dragon New Warm Mountain I Believe In You,Big Thief,8,v,,
2022,6,Once Twice Melody,Beach House,8,v,,
2022,7,Wet Leg,Wet Leg,8,,,
2022,8,Bleed Out,The Mountain Goats,8,,,
2022,9,A Legacy of Rentals,Craig Finn,8,,,
2022,10,Everything Was Beautiful,Spiritualized,8,,,
2022,11,Versions of a Modern Performance,Horsegirl,8,,,
2022,12,We,Arcade Fire,7,,,
2022,13,This is a Photograph,Kevin Morby,7,,,
2022,14,Real Heart,Mason Jennings,7,,,
2022,15,Running with a Hurricane,Camp Cope,7,,,
2022,16,Giving the World Away,Hatchie,7,,,
2022,17,Ants From Up There,"Black Country, New Road",7,,,
2022,18,Reset,Panda Bear and Sonic Boom,7,,,
2022,19,Life on Earth,Hurray for the Riff Raff,7,,,
2022,20,Past Life Regression,Papercuts,7,,,
2022,21,Blue Rev,Alvvays,7,,,
2022,22,ILYSM,Wild Pink,6,,,
2022,23,I Walked With You A Ways,Plains,6,,,
2022,24,American Heartbreak,Zach Bryan,6,,,
2022,25,Labyrinthitis,Destroyer,6,,,
2022,26,Florist,Florist,6,,,
2022,27,PRE PLEASURE,Julia Jacklin,6,,,
2022,28,When the Wind Forgets Your Name,Built to Spill,6,,,
2022,29,Cruel Country,Wilco,6,,,
2022,30,Nothing's Ever Fine,Oceanator,6,,,
2022,31,Weather Alive,Beth Orton,6,,,
2022,32,A Light for Attracting Attention,The Smile,6,,,
2023,1,Guts,Olivia Rodrigo,9,v,,
2023,2,Asphalt Meadows (Acoustic),Death Cab for Cutie,9,v,,
2023,3,First Two Pages of Frankenstein,The National,8,v,,
2023,4,Late Developers,Belle and Sebastian,8,v,,
2023,5,the record,boygenius,8,v,,
2023,6,Jenny from Thebes,The Mountain Goats,8,,,
2023,7,The Rise and Fall of a Midwest Princess ,Chappell Roan,8,,,
2023,8,Dead Meat,The Tubs,8,,,
2023,9,Everything Is Alive,Slowdive,8,,,
2023,10,Javelin,Sufjan Stevens,7,,,
2023,11,And That's Why the Dolphins Lost Their Legs,Islands,7,,,
2023,12,Rat Saw God,Wednesday,7,,,
2023,13,Continue as a Guest,The New Pornographers,6,,,
2023,14,This Stupid World,Yo La Tengo,6,,,
2023,15,"Crying, Laughing, Waving, Smiling","Slaughter Beach, Dog",6,,,
2023,16,Laugh Track,The National,6,,,
2023,17,Lucky for You,Bully,6,,,
2023,18,Yard,Slow Pulp,6,,,
2023,19,The Window,Ratboys,6,,,
2023,20,The Price of Progress,The Hold Steady,6,,,
2023,21,The Rise & The Fall,The Rural Alberta Advantage,6,,,
2024,1,Tigers Blood,Waxahatchee,10,v,,
2024,2,"As It Ever Was, So It Will Be Again",The Decemberists,10,v,,
2024,3,The Past Is Still Alive,Hurray for the Riff Raff,10,v,,
2024,4,Only God Was Above Us,Vampire Weekend,8,,,
2024,5,Diamond Jubilee,Cindy Lee,8,,,
2024,6,Songs of the Lost World,The Cure,8,,,
2024,7,"Box for Buddy, Box for Star Love",This Is Lorelei,8,,,
2024,8,Iechyd Da,Bil Ryder-Jones,8,,,
2024,9,Keep Me On Your Mind/See Me Free,Bonny Light Horseman,8,,,
2024,10,"Where Weve Been, Where We Go From Here",Friko,7,,,
2024,11,Woodland,Gilian Welch and David Rawlings,7,,,
2024,12,All Hell,Los Campesinos!,7,,,
2024,13,Revelator,Phosphorescent,7,,,
2024,14,Light Verse,Iron & Wine,7,,,
2024,15,Harm's Way,Ducks Ltd,7,,,
2024,16,EELS,Being Dead,7,,,
2024,17,Hovvdy,Hovvdy,7,,,
2024,18,"Five Dice, All Threes",Bright Eyes,7,,,
